order_item_id,order_id,product_id,quantity,unit_price,discount_pct
OI000001,O00001,P002,3,79.9,0.1
OI000002,O00001,P005,3,159.9,0.1
OI000003,O00001,P005,1,159.9,0
OI000004,O00002,P003,3,649.9,0.03
OI000005,O00003,P003,1,649.9,0.03
OI000006,O00004,P002,1,79.9,0.03
OI000007,O00004,P004,1,129.9,0.03
OI000008,O00005,P003,1,649.9,0
OI000009,O00005,P004,1,129.9,0.1
OI000010,O00006,P002,1,79.9,0
OI000011,O00006,P006,1,899.9,0.1
OI000012,O00006,P003,2,649.9,0
OI000013,O00007,P001,1,2499.9,0.05
OI000014,O00007,P002,3,79.9,0.05
OI000015,O00007,P001,1,2499.9,0.1
OI000016,O00008,P004,3,129.9,0.03
OI000017,O00009,P003,2,649.9,0
OI000018,O00009,P006,2,899.9,0.05
OI000019,O00010,P006,2,899.9,0.05
OI000020,O00010,P004,3,129.9,0.05
OI000021,O00010,P005,1,159.9,0.03
OI000022,O00011,P005,3,159.9,0.05
OI000023,O00011,P004,3,129.9,0
OI000024,O00012,P004,2,129.9,0.1
OI000025,O00012,P006,1,899.9,0.1
OI000026,O00012,P006,1,899.9,0
OI000027,O00013,P006,2,899.9,0.03
OI000028,O00013,P002,1,79.9,0
OI000029,O00014,P006,3,899.9,0.03
OI000030,O00014,P006,3,899.9,0.1
OI000031,O00014,P004,2,129.9,0.03
OI000032,O00014,P002,3,79.9,0
OI000033,O00015,P001,3,2499.9,0.03
OI000034,O00015,P001,2,2499.9,0.03
OI000035,O00015,P004,3,129.9,0.05
OI000036,O00015,P004,3,129.9,0.1
OI000037,O00016,P004,2,129.9,0.03
OI000038,O00016,P006,2,899.9,0.1
OI000039,O00016,P006,1,899.9,0.05
OI000040,O00016,P004,1,129.9,0.05
OI000041,O00017,P002,1,79.9,0.03
OI000042,O00018,P004,2,129.9,0.1
OI000043,O00018,P004,1,129.9,0.03
OI000044,O00018,P004,2,129.9,0
OI000045,O00018,P005,2,159.9,0.1
OI000046,O00019,P004,1,129.9,0.05
OI000047,O00019,P004,2,129.9,0
OI000048,O00020,P004,1,129.9,0
OI000049,O00020,P004,3,129.9,0
OI000050,O00021,P001,2,2499.9,0.1
OI000051,O00021,P003,1,649.9,0.1
OI000052,O00022,P003,1,649.9,0.1
OI000053,O00022,P001,3,2499.9,0
OI000054,O00022,P003,1,649.9,0
OI000055,O00022,P006,1,899.9,0
OI000056,O00023,P002,1,79.9,0.1
OI000057,O00023,P006,1,899.9,0.03
OI000058,O00024,P002,2,79.9,0
OI000059,O00025,P004,3,129.9,0.03
OI000060,O00025,P001,3,2499.9,0.03
OI000061,O00025,P001,3,2499.9,0.05
OI000062,O00025,P006,3,899.9,0
OI000063,O00026,P001,3,2499.9,0.05
OI000064,O00026,P001,2,2499.9,0.1
OI000065,O00026,P001,2,2499.9,0.05
OI000066,O00027,P006,3,899.9,0.05
OI000067,O00027,P005,3,159.9,0.1
OI000068,O00028,P001,2,2499.9,0.1
OI000069,O00028,P002,2,79.9,0.1
OI000070,O00029,P002,2,79.9,0.05
OI000071,O00029,P003,2,649.9,0.05
OI000072,O00029,P005,1,159.9,0.03
OI000073,O00029,P001,1,2499.9,0.1
OI000074,O00030,P006,3,899.9,0.1
OI000075,O00030,P004,1,129.9,0
OI000076,O00030,P003,1,649.9,0.1
OI000077,O00030,P006,1,899.9,0.05
OI000078,O00031,P004,3,129.9,0.05
OI000079,O00031,P003,3,649.9,0.1
OI000080,O00031,P003,2,649.9,0.05
OI000081,O00032,P006,3,899.9,0.03
OI000082,O00033,P001,1,2499.9,0.05
OI000083,O00033,P002,2,79.9,0.03
OI000084,O00033,P003,1,649.9,0.03
OI000085,O00034,P006,2,899.9,0
OI000086,O00034,P001,3,2499.9,0.05
OI000087,O00035,P003,2,649.9,0
OI000088,O00036,P002,1,79.9,0.05
OI000089,O00037,P005,2,159.9,0.1
OI000090,O00037,P004,2,129.9,0.1
OI000091,O00038,P002,3,79.9,0.03
OI000092,O00039,P005,1,159.9,0.03
OI000093,O00039,P001,2,2499.9,0.1
OI000094,O00040,P003,3,649.9,0.05
OI000095,O00040,P006,2,899.9,0
OI000096,O00041,P999,1,129.9,0.03
OI000097,O00041,P006,1,899.9,0.05
OI000098,O00042,P004,1,129.9,0.1
OI000099,O00042,P006,2,899.9,0.1
OI000100,O00042,P003,3,649.9,0.1
OI000101,O00043,P005,2,159.9,0
OI000102,O00043,P001,1,2499.9,0
OI000103,O00043,P006,2,899.9,0
OI000104,O00044,P005,2,159.9,0.1
OI000105,O00044,P001,2,2499.9,0.05
OI000106,O00045,P004,3,129.9,0.1
OI000107,O00045,P003,3,649.9,0.1
OI000108,O00045,P005,1,159.9,0.1
OI000109,O00046,P005,1,159.9,0.1
OI000110,O00046,P004,1,129.9,0.03
OI000111,O00046,P005,2,159.9,0.1
OI000112,O00046,P006,2,899.9,0
OI000113,O00047,P006,2,899.9,0
OI000114,O00047,P001,3,2499.9,0.03
OI000115,O00047,P006,1,899.9,0.05
OI000116,O00047,P005,1,159.9,0.1
OI000117,O00048,P006,1,899.9,0.1
OI000118,O00049,P004,1,129.9,0.1
OI000119,O00049,P005,1,159.9,0.1
OI000120,O00049,P002,3,79.9,0.03
OI000121,O00049,P001,2,2499.9,0.1
OI000122,O00050,P005,3,159.9,0.1
OI000123,O00050,P002,2,79.9,0.1
OI000124,O00050,P003,2,649.9,0.1
OI000125,O00051,P005,2,159.9,0.03
OI000126,O00051,P004,1,129.9,0.05
OI000127,O00052,P004,1,129.9,0.03
OI000128,O00052,P005,3,159.9,0.05
OI000129,O00053,P004,3,129.9,0.03
OI000130,O00053,P001,2,2499.9,0.05
OI000131,O00054,P003,3,649.9,0.1
OI000132,O00055,P005,1,159.9,0.03
OI000133,O00056,P004,1,129.9,0
OI000134,O00057,P003,1,649.9,0.05
OI000135,O00058,P005,3,159.9,0.03
OI000136,O00058,P002,1,79.9,0
OI000137,O00058,P005,2,159.9,0.03
OI000138,O00058,P004,3,129.9,0.03
OI000139,O00059,P006,1,899.9,0.1
OI000140,O00059,P003,3,649.9,0.03
OI000141,O00059,P001,2,2499.9,0.05
OI000142,O00060,P004,2,129.9,0.03
OI000143,O00060,P004,2,129.9,0
OI000144,O00060,P002,2,79.9,0.05
OI000145,O00061,P003,1,649.9,0
OI000146,O00061,P005,3,159.9,0.1
OI000147,O00061,P003,1,649.9,0.05
OI000148,O00061,P002,3,79.9,0.03
OI000149,O00062,P006,3,899.9,0
OI000150,O00063,P001,2,2499.9,0.05
OI000151,O00063,P006,2,899.9,0.03
OI000152,O00064,P002,2,79.9,0.1
OI000153,O00064,P003,3,649.9,0.05
OI000154,O00064,P001,2,2499.9,0
OI000155,O00065,P001,2,2499.9,0
OI000156,O00065,P003,3,649.9,0
OI000157,O00065,P004,2,129.9,0.05
OI000158,O00066,P004,1,129.9,0.05
OI000159,O00066,P005,1,159.9,0
OI000160,O00067,P001,1,2499.9,0
OI000161,O00067,P001,2,2499.9,0.1
OI000162,O00067,P001,1,2499.9,0.03
OI000163,O00067,P005,1,159.9,0.1
OI000164,O00068,P004,3,129.9,0
OI000165,O00068,P004,3,129.9,0.1
OI000166,O00069,P004,1,129.9,0.05
OI000167,O00069,P001,3,2499.9,0.05
OI000168,O00069,P005,3,159.9,0.05
OI000169,O00069,P001,2,2499.9,0.05
OI000170,O00070,P006,3,899.9,0
OI000171,O00070,P001,2,2499.9,0.03
OI000172,O00071,P005,1,159.9,0.03
OI000173,O00071,P003,1,649.9,0
OI000174,O00072,P006,1,899.9,0.03
OI000175,O00073,P001,1,2499.9,0.05
OI000176,O00073,P001,1,2499.9,0.1
OI000177,O00073,P005,1,159.9,0
OI000178,O00074,P004,3,129.9,0.03
OI000179,O00075,P001,2,2499.9,0.1
OI000180,O00076,P001,1,2499.9,0.05
OI000181,O00076,P005,1,159.9,0
OI000182,O00076,P002,2,79.9,0.05
OI000183,O00076,P004,3,129.9,0.05
OI000184,O00077,P006,3,899.9,0.03
OI000185,O00078,P004,2,129.9,0.1
OI000186,O00078,P006,1,899.9,0.05
OI000187,O00078,P004,2,129.9,0.05
OI000188,O00079,P001,1,2499.9,0.1
OI000189,O00080,P005,3,159.9,0.05
OI000190,O00081,P006,1,899.9,0.05
OI000191,O00081,P005,2,159.9,0.05
OI000192,O00081,P001,3,2499.9,0.03
OI000193,O00081,P002,3,79.9,0.1
OI000194,O00082,P005,1,159.9,0.1
OI000195,O00082,P005,3,159.9,0
OI000196,O00082,P005,3,159.9,0.05
OI000197,O00083,P001,1,2499.9,0.03
OI000198,O00083,P005,3,159.9,0.1
OI000199,O00083,P001,1,2499.9,0
OI000200,O00084,P004,2,129.9,0.03
OI000201,O00084,P003,2,649.9,0.05
OI000202,O00084,P005,3,159.9,0
OI000203,O00084,P001,1,2499.9,0.03
OI000204,O00085,P006,2,899.9,0.1
OI000205,O00085,P005,2,159.9,0.1
OI000206,O00085,P003,1,649.9,0
OI000207,O00085,P003,2,649.9,0
OI000208,O00086,P001,1,2499.9,0.1
OI000209,O00086,P005,1,159.9,0
OI000210,O00086,P002,2,79.9,0.03
OI000211,O00087,P001,2,2499.9,0.1
OI000212,O00088,P001,2,2499.9,0
OI000213,O00088,P004,1,129.9,0.1
OI000214,O00088,P001,2,2499.9,0.1
OI000215,O00089,P004,1,129.9,0.05
OI000216,O00090,P001,1,2499.9,0.1
OI000217,O00090,P005,2,159.9,0
OI000218,O00090,P004,2,129.9,0.05
OI000219,O00090,P002,2,79.9,0.03
OI000220,O00091,P003,2,649.9,0.03
OI000221,O00091,P002,1,79.9,0.03
OI000222,O00092,P002,3,79.9,0.1
OI000223,O00093,P006,2,899.9,0.03
OI000224,O00093,P004,1,129.9,0.1
OI000225,O00093,P004,3,129.9,0.05
OI000226,O00094,P003,2,649.9,0.1
OI000227,O00095,P005,3,159.9,0.1
OI000228,O00096,P003,3,649.9,0.1
OI000229,O00096,P005,1,159.9,0
OI000230,O00097,P005,3,159.9,0.03
OI000231,O00098,P003,2,649.9,0.05
OI000232,O00098,P004,2,129.9,0.05
OI000233,O00099,P001,3,2499.9,0.1
OI000234,O00099,P003,2,649.9,0.03
OI000235,O00099,P003,1,649.9,0.03
OI000236,O00100,P003,3,649.9,0.1
OI000237,O00101,P006,3,899.9,0.1
OI000238,O00102,P002,2,79.9,0.1
OI000239,O00102,P002,1,79.9,0.03
OI000240,O00103,P006,2,899.9,0.03
OI000241,O00104,P006,2,899.9,0
OI000242,O00104,P004,2,129.9,0.03
OI000243,O00105,P003,2,649.9,0.03
OI000244,O00105,P003,3,649.9,0.1
OI000245,O00106,P002,1,79.9,0.03
OI000246,O00106,P003,1,649.9,0.1
OI000247,O00106,P003,3,649.9,0
OI000248,O00106,P006,3,899.9,0
OI000249,O00107,P005,1,159.9,0.1
OI000250,O00107,P001,1,2499.9,0.1
OI000251,O00107,P003,1,649.9,0.1
OI000252,O00107,P001,2,2499.9,0.05
OI000253,O00108,P003,1,649.9,0.05
OI000254,O00109,P006,2,899.9,0.1
OI000255,O00109,P005,1,159.9,0
OI000256,O00110,P001,2,2499.9,0.03
OI000257,O00110,P003,1,649.9,0
OI000258,O00110,P002,2,79.9,0.1
OI000259,O00110,P001,1,2499.9,0.1
OI000260,O00111,P003,2,649.9,0
OI000261,O00111,P005,2,159.9,0.03
OI000262,O00112,P005,2,159.9,0
OI000263,O00113,P001,3,2499.9,0.1
OI000264,O00113,P003,2,649.9,0
OI000265,O00113,P003,1,649.9,0.05
OI000266,O00113,P002,3,79.9,0
OI000267,O00114,P003,3,649.9,0.05
OI000268,O00115,P006,1,899.9,0.03
OI000269,O00115,P001,3,2499.9,0.1
OI000270,O00115,P001,2,2499.9,0.03
OI000271,O00115,P001,1,2499.9,0
OI000272,O00116,P003,1,649.9,0.03
OI000273,O00116,P003,2,649.9,0
OI000274,O00116,P006,2,899.9,0.05
OI000275,O00116,P001,2,2499.9,0.1
OI000276,O00117,P004,3,129.9,0.1
OI000277,O00117,P003,3,649.9,0.05
OI000278,O00118,P005,2,159.9,0.05
OI000279,O00118,P001,1,2499.9,0.05
OI000280,O00119,P002,3,79.9,0.1
OI000281,O00119,P003,2,649.9,0
OI000282,O00119,P006,2,899.9,0.1
OI000283,O00119,P003,3,649.9,0
OI000284,O00120,P001,1,2499.9,0.1
OI000285,O00120,P001,1,2499.9,0
OI000286,O00121,P005,1,159.9,0.03
OI000287,O00121,P006,2,899.9,0.05
OI000288,O00121,P003,2,649.9,0
OI000289,O00121,P005,1,159.9,0.05
OI000290,O00122,P001,3,2499.9,0.03
OI000291,O00123,P006,2,899.9,0.03
OI000292,O00123,P005,2,159.9,0.1
OI000293,O00123,P002,1,79.9,0.03
OI000294,O00124,P006,2,899.9,0
OI000295,O00124,P005,3,159.9,0.05
OI000296,O00124,P003,1,649.9,0.03
OI000297,O00125,P002,2,79.9,0
OI000298,O00125,P003,3,649.9,0.05
OI000299,O00126,P004,3,129.9,0.1
OI000300,O00126,P005,2,159.9,0.1
OI000301,O00126,P005,1,159.9,0.03
OI000302,O00127,P002,3,79.9,0.03
OI000303,O00127,P002,2,79.9,0
OI000304,O00127,P001,3,2499.9,0.03
OI000305,O00128,P003,3,649.9,0.05
OI000306,O00128,P001,2,2499.9,0.03
OI000307,O00129,P005,3,159.9,0
OI000308,O00129,P005,3,159.9,0.03
OI000309,O00129,P005,3,159.9,0.03
OI000310,O00130,P001,1,2499.9,0
OI000311,O00131,P005,2,159.9,0
OI000312,O00131,P004,3,129.9,0.05
OI000313,O00132,P003,2,649.9,0
OI000314,O00132,P006,1,899.9,0.03
OI000315,O00132,P004,2,129.9,0.1
OI000316,O00132,P004,1,129.9,0.05
OI000317,O00133,P004,1,129.9,0.05
OI000318,O00133,P005,3,159.9,0
OI000319,O00133,P003,1,649.9,0.1
OI000320,O00134,P001,2,2499.9,0.1
OI000321,O00135,P002,1,79.9,0.1
OI000322,O00135,P005,2,159.9,0.1
OI000323,O00135,P003,2,649.9,0
OI000324,O00136,P005,2,159.9,0
OI000325,O00136,P001,2,2499.9,0.1
OI000326,O00137,P001,2,2499.9,0.03
OI000327,O00138,P004,1,129.9,0.03
OI000328,O00139,P005,2,159.9,0
OI000329,O00139,P002,1,79.9,0.1
OI000330,O00139,P003,2,649.9,0.05
OI000331,O00139,P002,1,79.9,0.1
OI000332,O00140,P004,3,129.9,0.1
OI000333,O00140,P002,3,79.9,0.03
OI000334,O00140,P003,3,649.9,0.05
OI000335,O00141,P005,3,159.9,0.1
OI000336,O00141,P006,3,899.9,0.05
OI000337,O00141,P004,1,129.9,0.05
OI000338,O00142,P006,3,899.9,0
OI000339,O00142,P005,2,159.9,0.05
OI000340,O00142,P006,3,899.9,0.03
OI000341,O00143,P002,3,79.9,0.03
OI000342,O00143,P001,3,2499.9,0
OI000343,O00143,P002,1,79.9,0.1
OI000344,O00143,P003,2,649.9,0.03
OI000345,O00144,P006,3,899.9,0
OI000346,O00144,P006,1,899.9,0.03
OI000347,O00144,P005,2,159.9,0.1
OI000348,O00144,P005,2,159.9,0.05
OI000349,O00145,P006,3,899.9,0.05
OI000350,O00145,P005,2,159.9,0.03
OI000351,O00145,P002,2,79.9,0.05
OI000352,O00146,P006,3,899.9,0.1
OI000353,O00146,P003,2,649.9,0.05
OI000354,O00147,P004,2,129.9,0.03
OI000355,O00147,P003,1,649.9,0.05
OI000356,O00147,P006,1,899.9,0.05
OI000357,O00147,P004,3,129.9,0.05
OI000358,O00148,P005,3,159.9,0.05
OI000359,O00148,P002,1,79.9,0.03
OI000360,O00148,P002,1,79.9,0.03
OI000361,O00149,P006,2,899.9,0
OI000362,O00149,P006,1,899.9,0
OI000363,O00149,P005,1,159.9,0.1
OI000364,O00150,P003,3,649.9,0
OI000365,O00150,P001,3,2499.9,0.03
OI000366,O00150,P005,3,159.9,0
OI000367,O00151,P004,1,129.9,0.05
OI000368,O00151,P001,1,2499.9,0.05
OI000369,O00151,P005,3,159.9,0
OI000370,O00151,P003,2,649.9,0.1
OI000371,O00152,P003,1,649.9,0
OI000372,O00152,P003,1,649.9,0.1
OI000373,O00152,P006,2,899.9,0.03
OI000374,O00152,P001,3,2499.9,0.05
OI000375,O00153,P004,3,129.9,0.05
OI000376,O00153,P001,2,2499.9,0
OI000377,O00153,P002,1,79.9,0.1
OI000378,O00153,P003,1,649.9,0
OI000379,O00154,P003,3,649.9,0
OI000380,O00154,P003,3,649.9,0.05
OI000381,O00154,P006,1,899.9,0
OI000382,O00155,P006,3,899.9,0.05
OI000383,O00155,P006,1,899.9,0.05
OI000384,O00155,P003,3,649.9,0.03
OI000385,O00155,P002,1,79.9,0.1
OI000386,O00156,P005,3,159.9,0.03
OI000387,O00156,P002,3,79.9,0
OI000388,O00156,P005,2,159.9,0.05
OI000389,O00156,P001,3,2499.9,0
OI000390,O00157,P002,2,79.9,0.1
OI000391,O00157,P001,3,2499.9,0.03
OI000392,O00158,P001,2,2499.9,0.03
OI000393,O00158,P005,2,159.9,0.1
OI000394,O00158,P005,1,159.9,0.1
OI000395,O00158,P006,2,899.9,0
OI000396,O00159,P005,1,159.9,0
OI000397,O00159,P004,2,129.9,0
OI000398,O00160,P003,2,649.9,0.03
OI000399,O00161,P004,2,129.9,0.1
OI000400,O00161,P001,3,2499.9,0.03
OI000401,O00161,P006,2,899.9,0
OI000402,O00161,P002,3,79.9,0.1
OI000403,O00162,P003,2,649.9,0.1
OI000404,O00163,P003,1,649.9,0.05
OI000405,O00163,P002,3,79.9,0
OI000406,O00163,P001,3,2499.9,0.1
OI000407,O00163,P005,1,159.9,0.03
OI000408,O00164,P002,3,79.9,0
OI000409,O00165,P005,2,159.9,0.03
OI000410,O00165,P006,3,899.9,0.05
OI000411,O00166,P002,3,79.9,0.03
OI000412,O00166,P004,2,129.9,0.05
OI000413,O00166,P001,3,2499.9,0.03
OI000414,O00167,P006,3,899.9,0.1
OI000415,O00167,P005,2,159.9,0.1
OI000416,O00167,P004,1,129.9,0.05
OI000417,O00168,P003,3,649.9,0.03
OI000418,O00168,P004,1,129.9,0.1
OI000419,O00169,P003,1,649.9,0.05
OI000420,O00169,P006,1,899.9,0.1
OI000421,O00170,P004,3,129.9,0
OI000422,O00170,P001,1,2499.9,0.03
OI000423,O00170,P004,1,129.9,0.05
OI000424,O00171,P006,2,899.9,0.03
OI000425,O00172,P005,2,159.9,0.05
OI000426,O00172,P004,2,129.9,0.05
OI000427,O00173,P006,2,899.9,0.05
OI000428,O00174,P006,1,899.9,0
OI000429,O00174,P003,3,649.9,0.1
OI000430,O00175,P005,1,159.9,0.1
OI000431,O00175,P005,3,159.9,0.05
OI000432,O00175,P003,2,649.9,0.1
OI000433,O00175,P004,1,129.9,0.05
OI000434,O00176,P005,1,159.9,0
OI000435,O00177,P006,1,899.9,0
OI000436,O00177,P006,1,899.9,0
OI000437,O00178,P006,2,899.9,0
OI000438,O00178,P001,3,2499.9,0.1
OI000439,O00178,P001,1,2499.9,0.05
OI000440,O00178,P005,2,159.9,0
OI000441,O00179,P001,3,2499.9,0.03
OI000442,O00180,P004,1,129.9,0.05
OI000443,O00180,P004,2,129.9,0.03
OI000444,O00180,P006,1,899.9,0.05
OI000445,O00181,P004,2,129.9,0.1
OI000446,O00181,P001,3,2499.9,0
OI000447,O00181,P006,1,899.9,0
OI000448,O00181,P004,2,129.9,0.05
OI000449,O00182,P006,3,899.9,0.1
OI000450,O00182,P003,1,649.9,0
OI000451,O00183,P001,1,2499.9,0.03
OI000452,O00183,P006,2,899.9,0
OI000453,O00183,P003,1,649.9,0.03
OI000454,O00184,P006,3,899.9,0
OI000455,O00184,P005,3,159.9,0.05
OI000456,O00185,P005,3,159.9,0.1
OI000457,O00185,P003,1,649.9,0.05
OI000458,O00185,P004,2,129.9,0.03
OI000459,O00186,P006,3,899.9,0.1
OI000460,O00186,P001,3,2499.9,0.05
OI000461,O00187,P004,3,129.9,0.03
OI000462,O00187,P006,2,899.9,0.05
OI000463,O00188,P003,2,649.9,0
OI000464,O00188,P002,1,79.9,0.03
OI000465,O00188,P004,2,129.9,0.1
OI000466,O00188,P001,1,2499.9,0
OI000467,O00189,P003,0,649.9,0.1
OI000468,O00190,P006,2,899.9,0.03
OI000469,O00190,P002,2,79.9,0.05
OI000470,O00191,P003,2,649.9,0.05
OI000471,O00191,P004,1,129.9,0.05
OI000472,O00191,P003,1,649.9,0.1
OI000473,O00191,P005,3,159.9,0.03
OI000474,O00192,P003,3,649.9,0.1
OI000475,O00192,P003,2,649.9,0.05
OI000476,O00192,P004,3,129.9,0.03
OI000477,O00192,P003,2,649.9,0.03
OI000478,O00193,P006,3,899.9,0.1
OI000479,O00193,P005,1,159.9,0.05
OI000480,O00193,P004,2,129.9,0.1
OI000481,O00194,P006,3,899.9,0
OI000482,O00194,P006,2,899.9,0.03
OI000483,O00195,P002,3,79.9,0.05
OI000484,O00195,P002,2,79.9,0.03
OI000485,O00195,P006,2,899.9,0.1
OI000486,O00195,P001,2,2499.9,0.1
OI000487,O00196,P003,3,649.9,0
OI000488,O00197,P005,3,159.9,0.1
OI000489,O00198,P002,3,79.9,0.03
OI000490,O00198,P004,2,129.9,0.1
OI000491,O00198,P004,3,129.9,0.03
OI000492,O00199,P001,1,2499.9,0.03
OI000493,O00199,P003,2,649.9,0.05
OI000494,O00199,P004,1,129.9,0.1
OI000495,O00199,P003,2,649.9,0
OI000496,O00200,P003,1,649.9,0
OI000497,O00201,P006,1,899.9,0.03
OI000498,O00201,P005,1,159.9,0.05
OI000499,O00202,P002,3,79.9,0.1
OI000500,O00202,P004,1,129.9,0.03
OI000501,O00203,P002,2,79.9,0
OI000502,O00203,P005,1,159.9,0.03
OI000503,O00204,P006,2,899.9,0.05
OI000504,O00204,P005,2,159.9,0.1
OI000505,O00204,P005,1,159.9,0.05
OI000506,O00205,P005,3,159.9,0
OI000507,O00205,P006,1,899.9,0.05
OI000508,O00205,P001,1,2499.9,0.05
OI000509,O00206,P004,3,129.9,0.03
OI000510,O00206,P005,2,159.9,0.1
OI000511,O00206,P002,2,79.9,0.03
OI000512,O00206,P005,1,159.9,0.1
OI000513,O00207,P003,1,649.9,0.1
OI000514,O00208,P004,3,129.9,0.1
OI000515,O00208,P004,3,129.9,0.1
OI000516,O00208,P004,1,129.9,0
OI000517,O00208,P005,1,159.9,0.03
OI000518,O00209,P002,2,79.9,0.1
OI000519,O00209,P005,3,159.9,0
OI000520,O00209,P005,1,159.9,0.05
OI000521,O00210,P005,1,159.9,0.1
OI000522,O00210,P001,3,2499.9,0.03
OI000523,O00210,P003,1,649.9,0.1
OI000524,O00210,P003,2,649.9,0
OI000525,O00211,P006,3,899.9,0.1
OI000526,O00211,P002,3,79.9,0.03
OI000527,O00211,P002,1,79.9,0
OI000528,O00212,P003,3,649.9,0.05
OI000529,O00212,P003,3,649.9,0.05
OI000530,O00213,P001,2,2499.9,0.03
OI000531,O00213,P006,1,899.9,0.03
OI000532,O00213,P002,3,79.9,0.05
OI000533,O00213,P002,3,79.9,0.1
OI000534,O00214,P004,2,129.9,0
OI000535,O00214,P006,1,899.9,0.1
OI000536,O00214,P005,3,159.9,0.05
OI000537,O00214,P006,2,899.9,0.1
OI000538,O00215,P006,2,899.9,0.05
OI000539,O00216,P004,2,129.9,0.05
OI000540,O00216,P003,2,649.9,0.03
OI000541,O00217,P001,1,2499.9,0.1
OI000542,O00218,P001,2,2499.9,0.03
OI000543,O00218,P006,1,899.9,0.05
OI000544,O00218,P002,2,79.9,0
OI000545,O00218,P006,2,899.9,0.05
OI000546,O00219,P006,2,899.9,0.03
OI000547,O00219,P004,3,129.9,0
OI000548,O00219,P006,1,899.9,0
OI000549,O00219,P002,2,79.9,0
OI000550,O00220,P006,2,899.9,0
OI000551,O00221,P004,1,129.9,0
OI000552,O00221,P001,2,2499.9,0.05
OI000553,O00222,P001,3,2499.9,0
OI000554,O00222,P005,3,159.9,0.03
OI000555,O00223,P004,3,129.9,0.1
OI000556,O00223,P002,1,79.9,0
OI000557,O00224,P003,1,649.9,0.03
OI000558,O00224,P003,3,649.9,0
OI000559,O00224,P002,3,79.9,0.05
OI000560,O00224,P006,1,899.9,0.05
OI000561,O00225,P003,3,649.9,0
OI000562,O00225,P002,2,79.9,0.1
OI000563,O00225,P001,1,2499.9,0.1
OI000564,O00225,P006,3,899.9,0
OI000565,O00226,P005,2,159.9,0.05
OI000566,O00226,P005,3,159.9,0.03
OI000567,O00226,P004,1,129.9,0
OI000568,O00226,P005,1,159.9,0
OI000569,O00227,P006,3,899.9,0.1
OI000570,O00227,P004,3,129.9,0.1
OI000571,O00227,P001,3,2499.9,0.03
OI000572,O00228,P002,3,79.9,0.05
OI000573,O00228,P004,3,129.9,0
OI000574,O00229,P001,2,2499.9,0
OI000575,O00229,P004,3,129.9,0
OI000576,O00230,P006,1,899.9,0
OI000577,O00231,P002,3,79.9,0.05
OI000578,O00231,P006,1,899.9,0
OI000579,O00231,P003,2,649.9,0.05
OI000580,O00232,P005,2,159.9,0
OI000581,O00232,P004,3,129.9,0.03
OI000582,O00232,P003,1,649.9,0.05
OI000583,O00232,P001,3,2499.9,0
OI000584,O00233,P002,1,79.9,0.1
OI000585,O00234,P005,3,159.9,0.1
OI000586,O00235,P003,1,649.9,0.05
OI000587,O00235,P001,3,2499.9,0
OI000588,O00235,P002,1,79.9,0
OI000589,O00236,P003,1,649.9,0.1
OI000590,O00236,P001,2,2499.9,0.03
OI000591,O00236,P003,3,649.9,0.05
OI000592,O00237,P002,3,79.9,0.03
OI000593,O00237,P002,1,79.9,0.1
OI000594,O00237,P001,1,2499.9,0.05
OI000595,O00237,P006,3,899.9,0
OI000596,O00238,P001,1,2499.9,0.03
OI000597,O00238,P004,2,129.9,0
OI000598,O00238,P002,3,79.9,0.05
OI000599,O00239,P006,2,899.9,0.1
OI000600,O00239,P006,1,899.9,0
OI000601,O00239,P005,1,159.9,0.1
OI000602,O00239,P001,3,2499.9,0
OI000603,O00240,P003,2,649.9,0.05
OI000604,O00240,P003,2,649.9,0.05
OI000605,O00240,P002,1,79.9,0.03
OI000606,O00241,P002,2,79.9,0.1
OI000607,O00242,P003,2,649.9,0.05
OI000608,O00242,P001,1,2499.9,0.03
OI000609,O00242,P006,2,899.9,0
OI000610,O00242,P002,2,79.9,0.03
OI000611,O00243,P006,2,899.9,0.05
OI000612,O00244,P001,2,2499.9,0
OI000613,O00244,P002,1,79.9,0
OI000614,O00245,P003,3,649.9,0
OI000615,O00245,P005,3,159.9,0.05
OI000616,O00245,P001,1,2499.9,0
OI000617,O00245,P002,3,79.9,0.1
OI000618,O00246,P004,1,129.9,0.03
OI000619,O00247,P004,3,129.9,0.1
OI000620,O00248,P004,1,129.9,0
OI000621,O00248,P005,3,159.9,0.03
OI000622,O00248,P006,2,899.9,0.1
OI000623,O00249,P004,1,129.9,0.1
OI000624,O00249,P002,3,79.9,0.03
OI000625,O00249,P006,3,899.9,0
OI000626,O00250,P003,3,649.9,0.05
OI000627,O00250,P004,2,129.9,0.03
OI000628,O00250,P001,2,2499.9,0.03
OI000629,O00250,P001,2,2499.9,0
OI000630,O00251,P002,3,79.9,0.03
OI000631,O00252,P003,1,649.9,0.03
OI000632,O00252,P002,3,79.9,0.05
OI000633,O00252,P006,3,899.9,0.05
OI000634,O00252,P005,1,159.9,0.05
OI000635,O00253,P002,2,79.9,0
OI000636,O00253,P001,1,2499.9,0.03
OI000637,O00253,P005,1,159.9,0
OI000638,O00254,P002,2,79.9,0.03
OI000639,O00254,P003,1,649.9,0
OI000640,O00255,P001,2,2499.9,0.1
OI000641,O00255,P005,1,159.9,0.05
OI000642,O00255,P003,2,649.9,0.03
OI000643,O00256,P002,3,79.9,0.05
OI000644,O00256,P002,3,79.9,0.03
OI000645,O00256,P004,2,129.9,0.05
OI000646,O00257,P005,1,159.9,0.03
OI000647,O00257,P005,2,159.9,0.03
OI000648,O00257,P006,3,899.9,0
OI000649,O00257,P004,1,129.9,0.05
OI000650,O00258,P006,1,899.9,0.05
OI000651,O00258,P004,1,129.9,0.05
OI000652,O00259,P001,3,2499.9,0
OI000653,O00259,P001,2,2499.9,0.1
OI000654,O00259,P006,2,899.9,0.03
OI000655,O00260,P001,2,2499.9,0.03
OI000656,O00260,P002,2,79.9,0
OI000657,O00260,P001,2,2499.9,0
OI000658,O00260,P003,2,649.9,0
OI000659,O00261,P005,1,159.9,0.05
OI000660,O00262,P004,3,129.9,0.03
OI000661,O00263,P002,1,79.9,0.1
OI000662,O00263,P006,3,899.9,0.05
OI000663,O00263,P006,2,899.9,0.05
OI000664,O00264,P002,1,79.9,0.05
OI000665,O00264,P001,2,2499.9,0
OI000666,O00264,P003,3,649.9,0.1
OI000667,O00264,P002,1,79.9,0
OI000668,O00265,P001,2,2499.9,0.1
OI000669,O00265,P004,2,129.9,0.05
OI000670,O00265,P001,3,2499.9,0.1
OI000671,O00265,P002,2,79.9,0.1
OI000672,O00266,P004,2,129.9,0.03
OI000673,O00266,P003,3,649.9,0
OI000674,O00266,P002,3,79.9,0
OI000675,O00266,P001,3,2499.9,0.05
OI000676,O00267,P004,3,129.9,0.1
OI000677,O00268,P004,2,129.9,0
OI000678,O00268,P004,3,129.9,0
OI000679,O00269,P002,1,79.9,0.03
OI000680,O00269,P002,1,79.9,0
OI000681,O00269,P004,1,129.9,0.1
OI000682,O00269,P002,3,79.9,0.03
OI000683,O00270,P005,2,159.9,0.05
OI000684,O00270,P003,3,649.9,0.1
OI000685,O00270,P001,3,2499.9,0.1
OI000686,O00270,P001,2,2499.9,0.03
OI000687,O00271,P003,3,649.9,0.05
OI000688,O00272,P001,1,2499.9,0.05
OI000689,O00272,P004,1,129.9,0.1
OI000690,O00272,P001,2,2499.9,0.05
OI000691,O00272,P006,1,899.9,0
OI000692,O00273,P003,2,649.9,0.05
OI000693,O00274,P003,3,649.9,0.1
OI000694,O00274,P003,2,649.9,0.1
OI000695,O00275,P004,3,129.9,0.1
OI000696,O00275,P005,2,159.9,0
OI000697,O00276,P002,3,79.9,0
OI000698,O00276,P002,1,79.9,0.03
OI000699,O00276,P001,1,2499.9,0
OI000700,O00276,P004,1,129.9,0.05
OI000701,O00277,P006,1,899.9,0
OI000702,O00277,P002,2,79.9,0.1
OI000703,O00277,P005,2,159.9,0.03
OI000704,O00277,P004,3,129.9,0.05
OI000705,O00278,P003,1,649.9,0.1
OI000706,O00279,P006,1,899.9,0.05
OI000707,O00279,P006,2,899.9,0
OI000708,O00280,P005,1,159.9,0.03
OI000709,O00280,P003,3,649.9,0.05
OI000710,O00281,P003,2,649.9,0.05
OI000711,O00281,P002,2,79.9,0.05
OI000712,O00281,P006,3,899.9,0.1
OI000713,O00281,P005,1,159.9,0
OI000714,O00282,P003,3,649.9,0
OI000715,O00282,P004,1,129.9,0.05
OI000716,O00282,P003,3,649.9,0.05
OI000717,O00283,P005,1,159.9,0
OI000718,O00283,P005,2,159.9,0.05
OI000719,O00284,P003,2,649.9,0.1
OI000720,O00284,P004,2,129.9,0
OI000721,O00284,P005,3,159.9,0.03
OI000722,O00284,P003,3,649.9,0.03
OI000723,O00285,P005,2,159.9,0.03
OI000724,O00285,P006,3,899.9,0.03
OI000725,O00285,P003,1,649.9,0.1
OI000726,O00286,P006,1,899.9,0.03
OI000727,O00286,P003,1,649.9,0.05
OI000728,O00286,P004,2,129.9,0.05
OI000729,O00287,P001,3,2499.9,0
OI000730,O00287,P004,1,129.9,0
OI000731,O00287,P006,2,899.9,0.05
OI000732,O00287,P004,1,129.9,0.03
OI000733,O00288,P002,2,79.9,0.03
OI000734,O00288,P001,2,2499.9,0.05
OI000735,O00288,P006,1,899.9,0.05
OI000736,O00288,P006,1,899.9,0
OI000737,O00289,P004,1,129.9,0.03
OI000738,O00289,P005,2,159.9,0.1
OI000739,O00290,P005,1,159.9,0.05
OI000740,O00291,P006,3,899.9,0.03
OI000741,O00292,P001,2,2499.9,0.05
OI000742,O00292,P002,1,79.9,0
OI000743,O00293,P003,2,649.9,0.05
OI000744,O00293,P002,1,79.9,0.1
OI000745,O00294,P005,3,159.9,0.03
OI000746,O00295,P005,3,159.9,0
OI000747,O00295,P005,1,159.9,0
OI000748,O00295,P006,1,899.9,0
OI000749,O00296,P005,2,159.9,0.1
OI000750,O00297,P006,1,899.9,0.05
OI000751,O00297,P005,3,159.9,0.03
OI000752,O00297,P004,1,129.9,0
OI000753,O00297,P003,1,649.9,0
OI000754,O00298,P003,3,649.9,0.1
OI000755,O00298,P003,1,649.9,0
OI000756,O00299,P003,1,649.9,0
OI000757,O00299,P001,3,2499.9,0
OI000758,O00299,P001,3,2499.9,0.1
OI000759,O00299,P002,1,79.9,0
OI000760,O00300,P004,2,129.9,0.05
OI000761,O00300,P004,1,129.9,0
OI000762,O00301,P004,3,129.9,0
OI000763,O00301,P001,1,2499.9,0
OI000764,O00301,P002,3,79.9,0.03
OI000765,O00302,P006,1,899.9,0.05
OI000766,O00302,P003,1,649.9,0
OI000767,O00302,P004,2,129.9,0.1
OI000768,O00303,P001,1,2499.9,0
OI000769,O00303,P002,1,79.9,0.1
OI000770,O00304,P003,3,649.9,0
OI000771,O00304,P006,3,899.9,0.03
OI000772,O00304,P004,2,129.9,0
OI000773,O00304,P004,2,129.9,0
OI000774,O00305,P006,2,899.9,0
OI000775,O00305,P004,3,129.9,0.03
OI000776,O00306,P001,3,2499.9,0.03
OI000777,O00307,P004,2,129.9,0.03
OI000778,O00308,P004,1,129.9,0
OI000779,O00308,P004,2,129.9,0.1
OI000780,O00308,P001,2,2499.9,0.1
OI000781,O00308,P003,1,649.9,0.1
OI000782,O00309,P001,3,2499.9,0
OI000783,O00309,P001,3,2499.9,0.05
OI000784,O00309,P005,3,159.9,0.03
OI000785,O00309,P006,3,899.9,0.1
OI000786,O00310,P003,3,649.9,0.1
OI000787,O00310,P006,3,899.9,0.05
OI000788,O00310,P006,2,899.9,0
OI000789,O00310,P001,3,2499.9,0.03
OI000790,O00311,P006,1,899.9,0
OI000791,O00311,P002,2,79.9,0.03
OI000792,O00311,P006,3,899.9,0.1
OI000793,O00312,P004,1,129.9,0.1
OI000794,O00313,P006,3,899.9,0
OI000795,O00314,P005,3,159.9,0
OI000796,O00315,P006,3,899.9,0.03
OI000797,O00315,P006,1,899.9,0
OI000798,O00316,P004,3,129.9,0.03
OI000799,O00316,P003,2,649.9,0.05
OI000800,O00316,P003,2,649.9,0.03
OI000801,O00316,P002,2,79.9,0.05
OI000802,O00317,P002,1,79.9,0.05
OI000803,O00317,P006,2,899.9,0.03
OI000804,O00318,P003,3,649.9,0.1
OI000805,O00319,P004,1,129.9,0
OI000806,O00319,P001,2,2499.9,0.03
OI000807,O00319,P001,3,2499.9,0
OI000808,O00320,P002,1,79.9,0.05
OI000809,O00320,P002,3,79.9,0
OI000810,O00320,P003,2,649.9,0
OI000811,O00321,P002,3,79.9,0.05
OI000812,O00321,P006,3,899.9,0
OI000813,O00321,P004,2,129.9,0.1
OI000814,O00321,P006,2,899.9,0
OI000815,O00322,P002,3,79.9,0.05
OI000816,O00322,P005,3,159.9,0.03
OI000817,O00322,P006,1,899.9,0.05
OI000818,O00322,P004,1,129.9,0
OI000819,O00323,P004,2,129.9,0.05
OI000820,O00324,P004,3,129.9,0.03
OI000821,O00324,P001,1,2499.9,0.05
OI000822,O00324,P005,1,159.9,0.05
OI000823,O00325,P005,1,159.9,0.03
OI000824,O00325,P005,1,159.9,0.03
OI000825,O00325,P004,3,129.9,0.1
OI000826,O00326,P003,2,649.9,0.05
OI000827,O00326,P002,3,79.9,0.1
OI000828,O00326,P005,3,159.9,0
OI000829,O00327,P001,3,2499.9,0.05
OI000830,O00327,P004,1,129.9,0.1
OI000831,O00328,P005,3,159.9,0.1
OI000832,O00328,P004,1,129.9,0.05
OI000833,O00328,P006,1,899.9,0.05
OI000834,O00329,P006,1,899.9,0.03
OI000835,O00330,P001,1,2499.9,0.1
OI000836,O00330,P006,1,899.9,0.03
OI000837,O00330,P001,2,2499.9,0.05
OI000838,O00330,P001,1,2499.9,0
OI000839,O00331,P005,1,159.9,0.05
OI000840,O00332,P001,2,2499.9,0
OI000841,O00332,P005,1,159.9,0
OI000842,O00332,P006,3,899.9,0
OI000843,O00333,P005,1,159.9,0.05
OI000844,O00333,P004,2,129.9,0.1
OI000845,O00333,P006,1,899.9,0.1
OI000846,O00334,P005,2,159.9,0.03
OI000847,O00334,P003,3,649.9,0.05
OI000848,O00334,P001,3,2499.9,0.03
OI000849,O00334,P001,1,2499.9,0
OI000850,O00335,P006,3,899.9,0.05
OI000851,O00335,P002,2,79.9,0.03
OI000852,O00336,P002,3,79.9,0
OI000853,O00337,P003,1,649.9,0.03
OI000854,O00338,P006,3,899.9,0.03
OI000855,O00338,P001,2,2499.9,0
OI000856,O00339,P006,3,899.9,0.03
OI000857,O00339,P005,3,159.9,0.05
OI000858,O00339,P003,2,649.9,0.03
OI000859,O00340,P003,2,649.9,0.03
OI000860,O00340,P006,3,899.9,0.05
OI000861,O00340,P004,2,129.9,0.1
OI000862,O00340,P003,2,649.9,0.1
OI000863,O00341,P005,1,159.9,0.05
OI000864,O00341,P006,3,899.9,0
OI000865,O00342,P005,3,159.9,0.1
OI000866,O00343,P005,3,159.9,0.1
OI000867,O00343,P006,1,899.9,0.05
OI000868,O00343,P004,1,129.9,0.05
OI000869,O00344,P005,1,159.9,0.03
OI000870,O00344,P005,3,159.9,0.03
OI000871,O00344,P005,1,159.9,0.1
OI000872,O00345,P003,1,649.9,0.03
OI000873,O00345,P004,1,129.9,0
OI000874,O00345,P003,2,649.9,0.03
OI000875,O00345,P001,3,2499.9,0.03
OI000876,O00346,P001,3,2499.9,0.05
OI000877,O00347,P005,3,159.9,0.03
OI000878,O00347,P004,3,129.9,0.1
OI000879,O00347,P003,3,649.9,0
OI000880,O00348,P003,2,649.9,0.1
OI000881,O00348,P004,3,129.9,0
OI000882,O00348,P005,1,159.9,0.1
OI000883,O00348,P002,1,79.9,0
OI000884,O00349,P002,2,79.9,0
OI000885,O00349,P006,1,899.9,0.1
OI000886,O00350,P004,1,129.9,0.03
OI000887,O00350,P006,2,899.9,0
OI000888,O00350,P002,1,79.9,0.03
OI000889,O00350,P005,3,159.9,0.03
OI000890,O00351,P001,1,2499.9,0.05
OI000891,O00351,P002,3,79.9,0.1
OI000892,O00352,P001,1,2499.9,0.1
OI000893,O00352,P005,2,159.9,0.1
OI000894,O00352,P002,1,79.9,0.1
OI000895,O00353,P002,3,79.9,0.05
OI000896,O00353,P004,3,129.9,0
OI000897,O00353,P002,2,79.9,0.1
OI000898,O00354,P002,3,79.9,0
OI000899,O00354,P002,2,79.9,0
OI000900,O00354,P005,3,159.9,0
OI000901,O00354,P001,2,2499.9,0.03
OI000902,O00355,P005,2,159.9,0.05
OI000903,O00355,P001,3,2499.9,0.1
OI000904,O00355,P002,2,79.9,0.1
OI000905,O00355,P003,3,649.9,0
OI000906,O00356,P003,3,649.9,0.1
OI000907,O00357,P005,1,159.9,0.1
OI000908,O00358,P001,1,2499.9,0.1
OI000909,O00358,P006,3,899.9,0.05
OI000910,O00358,P003,3,649.9,0.1
OI000911,O00359,P002,2,79.9,0.1
OI000912,O00359,P002,2,79.9,0.1
OI000913,O00359,P003,2,649.9,0.05
OI000914,O00359,P006,2,899.9,0.03
OI000915,O00360,P001,1,2499.9,0.1
OI000916,O00360,P003,3,649.9,0
OI000917,O00361,P004,3,129.9,0.1
OI000918,O00361,P001,1,2499.9,0.05
OI000919,O00362,P004,3,129.9,0.05
OI000920,O00362,P006,3,899.9,0
OI000921,O00362,P002,3,79.9,0.1
OI000922,O00362,P004,1,129.9,0.03
OI000923,O00363,P005,1,159.9,0
OI000924,O00363,P003,1,649.9,0
OI000925,O00364,P004,3,129.9,0.03
OI000926,O00364,P005,1,159.9,0
OI000927,O00364,P001,3,2499.9,0.05
OI000928,O00364,P006,3,899.9,0.05
OI000929,O00365,P005,1,159.9,0.05
OI000930,O00365,P002,2,79.9,0
OI000931,O00365,P005,1,159.9,0.05
OI000932,O00365,P003,1,649.9,0.05
OI000933,O00366,P002,2,79.9,0.1
OI000934,O00366,P006,2,899.9,0
OI000935,O00366,P004,1,129.9,0.05
OI000936,O00366,P001,2,2499.9,0.03
OI000937,O00367,P005,3,159.9,0
OI000938,O00367,P006,2,899.9,0.03
OI000939,O00367,P003,1,649.9,0.1
OI000940,O00368,P004,2,129.9,0.05
OI000941,O00368,P002,3,79.9,0.05
OI000942,O00369,P002,3,79.9,0.03
OI000943,O00369,P003,1,649.9,0.03
OI000944,O00370,P001,1,2499.9,0.1
OI000945,O00371,P005,2,159.9,0.1
OI000946,O00371,P005,2,159.9,0.1
OI000947,O00371,P002,3,79.9,0.05
OI000948,O00372,P004,3,129.9,0
OI000949,O00372,P005,2,159.9,0.1
OI000950,O00372,P006,1,899.9,0.1
OI000951,O00372,P001,3,2499.9,0.1
OI000952,O00373,P004,3,129.9,0
OI000953,O00373,P003,2,649.9,0.05
OI000954,O00374,P005,2,159.9,0.05
OI000955,O00374,P002,2,79.9,0.1
OI000956,O00374,P002,2,79.9,0.05
OI000957,O00374,P003,2,649.9,0.05
OI000958,O00375,P001,3,2499.9,0.05
OI000959,O00375,P002,3,79.9,0.1
OI000960,O00376,P002,2,79.9,0.1
OI000961,O00377,P003,3,649.9,0
OI000962,O00377,P004,1,129.9,0.03
OI000963,O00377,P001,1,2499.9,0.05
OI000964,O00378,P003,2,649.9,0.05
OI000965,O00378,P005,3,159.9,0.05
OI000966,O00378,P003,1,649.9,0.1
OI000967,O00379,P003,2,649.9,0.05
OI000968,O00379,P006,3,899.9,0.1
OI000969,O00380,P004,3,129.9,0.03
OI000970,O00380,P002,3,79.9,0.05
OI000971,O00380,P004,3,129.9,0.1
OI000972,O00381,P003,3,649.9,0.05
OI000973,O00381,P006,2,899.9,0.1
OI000974,O00381,P003,2,649.9,0.05
OI000975,O00382,P002,1,79.9,0.03
OI000976,O00382,P006,1,899.9,0.05
OI000977,O00383,P004,1,129.9,0
OI000978,O00383,P001,2,2499.9,0
OI000979,O00384,P005,1,159.9,0
OI000980,O00384,P006,2,899.9,0.05
OI000981,O00384,P002,1,79.9,0.05
OI000982,O00385,P001,1,2499.9,0.05
OI000983,O00385,P003,2,649.9,0.1
OI000984,O00386,P005,3,159.9,0.1
OI000985,O00386,P006,3,899.9,0.1
OI000986,O00387,P005,1,159.9,0
OI000987,O00387,P004,2,129.9,0.05
OI000988,O00387,P004,2,129.9,0.03
OI000989,O00387,P003,1,649.9,0
OI000990,O00388,P004,3,129.9,0
OI000991,O00388,P006,2,899.9,0.1
OI000992,O00388,P003,1,649.9,0.1
OI000993,O00389,P002,2,79.9,0.1
OI000994,O00389,P004,1,129.9,0.03
OI000995,O00389,P006,3,899.9,0.1
OI000996,O00390,P005,3,159.9,0.05
OI000997,O00390,P003,3,649.9,0.05
OI000998,O00391,P003,1,649.9,0.1
OI000999,O00391,P005,2,159.9,0.05
OI001000,O00392,P002,1,79.9,0
OI001001,O00393,P006,1,899.9,0.03
OI001002,O00393,P001,1,2499.9,0
OI001003,O00393,P004,1,129.9,0.05
OI001004,O00393,P004,2,129.9,0.1
OI001005,O00394,P002,1,79.9,0.05
OI001006,O00395,P003,2,649.9,0
OI001007,O00395,P001,3,2499.9,0.03
OI001008,O00396,P002,2,79.9,0
OI001009,O00397,P003,1,649.9,0
OI001010,O00397,P006,3,899.9,0
OI001011,O00397,P003,2,649.9,0.05
OI001012,O00398,P001,1,2499.9,0.1
OI001013,O00398,P003,1,649.9,0.03
OI001014,O00399,P001,3,2499.9,0.1
OI001015,O00400,P002,2,79.9,0
OI001016,O00400,P006,3,899.9,0.05
OI001017,O00401,P006,3,899.9,0
OI001018,O00401,P002,2,79.9,0.03
OI001019,O00402,P001,3,2499.9,0.1
OI001020,O00402,P003,3,649.9,0.03
OI001021,O00403,P005,3,159.9,0.1
OI001022,O00403,P002,3,79.9,0.03
OI001023,O00403,P005,2,159.9,0.05
OI001024,O00404,P004,2,129.9,0.05
OI001025,O00404,P005,2,159.9,0.1
OI001026,O00405,P001,3,2499.9,0.05
OI001027,O00405,P005,1,159.9,0.05
OI001028,O00406,P005,1,159.9,0.05
OI001029,O00406,P003,2,649.9,0.05
OI001030,O00406,P001,1,2499.9,0
OI001031,O00406,P001,1,2499.9,0.03
OI001032,O00407,P001,3,2499.9,0.1
OI001033,O00408,P002,3,79.9,0
OI001034,O00408,P001,1,2499.9,0.1
OI001035,O00408,P001,2,2499.9,0
OI001036,O00409,P005,2,159.9,0
OI001037,O00410,P005,1,159.9,0
OI001038,O00410,P006,1,899.9,0.1
OI001039,O00411,P005,3,159.9,0.1
OI001040,O00411,P006,1,899.9,0.05
OI001041,O00412,P002,3,79.9,0.1
OI001042,O00412,P005,2,159.9,0.03
OI001043,O00413,P003,2,649.9,0.1
OI001044,O00413,P006,2,899.9,0.03
OI001045,O00413,P005,3,159.9,0.03
OI001046,O00414,P004,2,129.9,0
OI001047,O00414,P006,1,899.9,0.05
OI001048,O00414,P005,1,159.9,0.03
OI001049,O00414,P003,1,649.9,0.05
OI001050,O00415,P005,3,159.9,0.03
OI001051,O00415,P001,1,2499.9,0.1
OI001052,O00415,P003,1,649.9,0.03
OI001053,O00416,P003,1,649.9,0.1
OI001054,O00416,P005,1,159.9,0
OI001055,O00416,P006,2,899.9,0.1
OI001056,O00417,P001,3,2499.9,0.1
OI001057,O00417,P001,1,2499.9,0.05
OI001058,O00417,P003,2,649.9,0.1
OI001059,O00418,P001,2,2499.9,0
OI001060,O00418,P003,3,649.9,0.03
OI001061,O00418,P003,3,649.9,0.03
OI001062,O00418,P002,1,79.9,0.1
OI001063,O00419,P003,2,649.9,0.03
OI001064,O00419,P002,2,79.9,0
OI001065,O00419,P004,3,129.9,0
OI001066,O00419,P005,2,159.9,0.05
OI001067,O00420,P002,2,79.9,0.03
OI001068,O00420,P004,2,129.9,0.03
OI001069,O00421,P003,2,649.9,0.05
OI001070,O00422,P004,2,129.9,0.05
OI001071,O00422,P002,2,79.9,0.05
OI001072,O00422,P005,3,159.9,0
OI001073,O00422,P003,1,649.9,0.05
OI001074,O00423,P002,1,79.9,0.05
OI001075,O00424,P002,3,79.9,0.03
OI001076,O00425,P004,1,129.9,0.05
OI001077,O00425,P002,3,79.9,0.03
OI001078,O00425,P002,3,79.9,0.05
OI001079,O00425,P005,2,159.9,0.03
OI001080,O00426,P003,1,649.9,0
OI001081,O00427,P006,1,899.9,0
OI001082,O00427,P004,3,129.9,0.05
OI001083,O00427,P006,3,899.9,0.05
OI001084,O00427,P001,1,2499.9,0.05
OI001085,O00428,P003,2,649.9,0
OI001086,O00429,P001,1,2499.9,0.05
OI001087,O00430,P006,2,899.9,0.05
OI001088,O00430,P006,2,899.9,0.03
OI001089,O00430,P005,2,159.9,0
OI001090,O00431,P002,1,79.9,0.05
OI001091,O00431,P004,3,129.9,0.03
OI001092,O00431,P001,3,2499.9,0.1
OI001093,O00432,P005,1,159.9,0.1
OI001094,O00432,P003,3,649.9,0.05
OI001095,O00433,P005,3,159.9,0.03
OI001096,O00433,P002,2,79.9,0.03
OI001097,O00434,P005,3,159.9,0
OI001098,O00435,P003,2,649.9,0.1
OI001099,O00436,P001,1,2499.9,0.03
OI001100,O00436,P001,3,2499.9,0.05
OI001101,O00437,P002,3,79.9,0
OI001102,O00437,P003,1,649.9,0.1
OI001103,O00438,P002,2,79.9,0.1
OI001104,O00438,P004,1,129.9,0.03
OI001105,O00438,P002,1,79.9,0
OI001106,O00439,P006,3,899.9,0.03
OI001107,O00439,P002,1,79.9,0.03
OI001108,O00440,P004,2,129.9,0
OI001109,O00440,P005,3,159.9,0.1
OI001110,O00441,P004,2,129.9,0
OI001111,O00442,P005,2,159.9,0
OI001112,O00443,P004,1,129.9,0.1
OI001113,O00443,P003,3,649.9,0
OI001114,O00443,P006,3,899.9,0.03
OI001115,O00444,P002,3,79.9,0.03
OI001116,O00445,P004,3,129.9,0.03
OI001117,O00445,P004,1,129.9,0.05
OI001118,O00446,P001,1,2499.9,0.1
OI001119,O00447,P004,3,129.9,0.1
OI001120,O00447,P001,1,2499.9,0.05
OI001121,O00448,P002,3,79.9,0
OI001122,O00448,P004,2,129.9,0.05
OI001123,O00449,P001,1,2499.9,0.03
OI001124,O00449,P001,3,2499.9,0.05
OI001125,O00450,P005,2,159.9,0.03
OI001126,O00451,P004,1,129.9,0
OI001127,O00451,P002,3,79.9,0.05
OI001128,O00451,P005,3,159.9,0.03
OI001129,O00451,P001,1,2499.9,0.03
OI001130,O00452,P006,3,899.9,0.05
OI001131,O00453,P002,3,79.9,0.05
OI001132,O00453,P005,3,159.9,0.03
OI001133,O00454,P003,2,649.9,0.05
OI001134,O00455,P003,2,649.9,0.03
OI001135,O00456,P005,1,159.9,0.03
OI001136,O00456,P005,1,159.9,0
OI001137,O00456,P005,3,159.9,0
OI001138,O00456,P004,3,129.9,0.05
OI001139,O00457,P002,3,79.9,0.1
OI001140,O00457,P005,3,159.9,0.1
OI001141,O00457,P004,1,129.9,0.03
OI001142,O00458,P004,3,129.9,0
OI001143,O00459,P003,2,649.9,0.03
OI001144,O00460,P003,2,649.9,0.05
OI001145,O00461,P006,3,899.9,0
OI001146,O00461,P002,1,79.9,0.05
OI001147,O00461,P003,3,649.9,0.1
OI001148,O00461,P004,1,129.9,0.03
OI001149,O00462,P004,2,129.9,0
OI001150,O00462,P005,2,159.9,0.05
OI001151,O00462,P005,3,159.9,0
OI001152,O00463,P002,2,79.9,0
OI001153,O00464,P002,3,79.9,0
OI001154,O00464,P003,3,649.9,0.05
OI001155,O00464,P006,1,899.9,0.05
OI001156,O00464,P004,1,129.9,0.1
OI001157,O00465,P002,1,79.9,0.05
OI001158,O00465,P001,1,2499.9,0
OI001159,O00465,P004,3,129.9,0
OI001160,O00466,P006,3,899.9,0.05
OI001161,O00466,P003,1,649.9,0
OI001162,O00466,P005,3,159.9,0.03
OI001163,O00466,P002,3,79.9,0
OI001164,O00467,P001,3,2499.9,0
OI001165,O00467,P003,2,649.9,0
OI001166,O00467,P001,3,2499.9,0.05
OI001167,O00468,P003,1,649.9,0.03
OI001168,O00468,P003,2,649.9,0.05
OI001169,O00469,P003,1,649.9,0
OI001170,O00469,P005,3,159.9,0
OI001171,O00470,P006,2,899.9,0.03
OI001172,O00470,P002,1,79.9,0.05
OI001173,O00471,P001,2,2499.9,0
OI001174,O00471,P001,2,2499.9,0
OI001175,O00472,P005,2,159.9,0.05
OI001176,O00472,P003,1,649.9,0
OI001177,O00472,P004,3,129.9,0.03
OI001178,O00472,P001,3,2499.9,0.1
OI001179,O00473,P002,1,79.9,0.05
OI001180,O00473,P003,2,649.9,0.03
OI001181,O00474,P001,1,2499.9,0.1
OI001182,O00474,P001,2,2499.9,0.1
OI001183,O00474,P004,1,129.9,0.05
OI001184,O00474,P003,3,649.9,0.03
OI001185,O00475,P003,3,649.9,0.1
OI001186,O00476,P005,1,159.9,0.1
OI001187,O00476,P004,1,129.9,0.05
OI001188,O00477,P005,3,159.9,0.03
OI001189,O00477,P002,3,79.9,0
OI001190,O00477,P006,3,899.9,0.1
OI001191,O00478,P004,1,129.9,0.05
OI001192,O00479,P003,2,649.9,0
OI001193,O00479,P001,1,2499.9,0.03
OI001194,O00479,P005,3,159.9,0
OI001195,O00479,P002,3,79.9,0.03
OI001196,O00480,P002,1,79.9,0.05
OI001197,O00480,P003,3,649.9,0.05
OI001198,O00480,P004,3,129.9,0.05
OI001199,O00480,P001,3,2499.9,0
OI001200,O00481,P003,3,649.9,0
OI001201,O00482,P001,1,2499.9,0.1
OI001202,O00482,P006,3,899.9,0.1
OI001203,O00482,P006,2,899.9,0.1
OI001204,O00483,P004,1,129.9,0.03
OI001205,O00483,P005,2,159.9,0.05
OI001206,O00484,P001,3,2499.9,0
OI001207,O00485,P002,1,79.9,0.03
OI001208,O00485,P006,2,899.9,0.1
OI001209,O00485,P006,3,899.9,0.1
OI001210,O00485,P005,1,159.9,0.1
OI001211,O00486,P002,1,79.9,0.1
OI001212,O00486,P005,1,159.9,0.1
OI001213,O00486,P006,1,899.9,0.05
OI001214,O00487,P005,2,159.9,0.05
OI001215,O00488,P004,3,129.9,0
OI001216,O00488,P005,3,159.9,0
OI001217,O00488,P002,2,79.9,0
OI001218,O00489,P003,3,649.9,0
OI001219,O00490,P004,2,129.9,0.05
OI001220,O00490,P003,1,649.9,0
OI001221,O00490,P006,3,899.9,0.05
OI001222,O00491,P005,1,159.9,0
OI001223,O00491,P006,2,899.9,0
OI001224,O00491,P003,2,649.9,0
OI001225,O00491,P002,3,79.9,0
OI001226,O00492,P001,3,2499.9,0
OI001227,O00492,P005,1,159.9,0.03
OI001228,O00492,P006,2,899.9,0.05
OI001229,O00493,P005,1,159.9,0.05
OI001230,O00493,P001,1,2499.9,0.03
OI001231,O00494,P006,3,899.9,0.03
OI001232,O00494,P002,3,79.9,0.05
OI001233,O00494,P001,3,2499.9,0.05
OI001234,O00494,P001,1,2499.9,0.03
OI001235,O00495,P004,3,129.9,0.1
OI001236,O00495,P004,2,129.9,0.03
OI001237,O00496,P006,2,899.9,0
OI001238,O00496,P001,3,2499.9,0.05
OI001239,O00496,P004,3,129.9,0.05
OI001240,O00496,P003,2,649.9,0.05
OI001241,O00497,P006,3,899.9,0.03
OI001242,O00497,P005,2,159.9,0.03
OI001243,O00498,P004,1,129.9,0
OI001244,O00499,P003,1,649.9,0
OI001245,O00499,P001,3,2499.9,0
OI001246,O00499,P001,3,2499.9,0.03
OI001247,O00500,P004,3,129.9,0.03
OI001248,O00500,P001,3,2499.9,0.03
OI000030,O00014,P006,3,899.9,0.1
